{
   "filename":"./db/todo.json",
   "collections":[
      {
         "name":"todos",
         "data":[

         ],
         "idIndex":[

         ],
         "binaryIndices":{

         },
         "constraints":null,
         "uniqueNames":[

         ],
         "transforms":{

         },
         "objType":"todos",
         "dirty":false,
         "cachedIndex":null,
         "cachedBinaryIndex":null,
         "cachedData":null,
         "adaptiveBinaryIndices":true,
         "transactional":false,
         "cloneObjects":false,
         "cloneMethod":"parse-stringify",
         "asyncListeners":false,
         "disableMeta":false,
         "disableChangesApi":true,
         "disableDeltaChangesApi":true,
         "autoupdate":false,
         "serializableIndices":true,
         "ttl":null,
         "maxId":0,
         "DynamicViews":[

         ],
         "events":{
            "insert":[

            ],
            "update":[

            ],
            "pre-insert":[

            ],
            "pre-update":[

            ],
            "close":[

            ],
            "flushbuffer":[

            ],
            "error":[

            ],
            "delete":[
               null
            ],
            "warning":[
               null
            ]
         },
         "changes":[

         ]
      }
   ],
   "databaseVersion":1.5,
   "engineVersion":1.5,
   "autosave":true,
   "autosaveInterval":5000,
   "autosaveHandle":null,
   "throttledSaves":true,
   "options":{
      "autosave":true,
      "autoload":true,
      "throttledSaves":true,
      "serializationMethod":"normal",
      "destructureDelimiter":"$<\n",
      "recursiveWait":true,
      "recursiveWaitLimit":false,
      "recursiveWaitLimitDuration":2000,
      "started":1551691517585
   },
   "persistenceMethod":"fs",
   "persistenceAdapter":null,
   "verbose":false,
   "events":{
      "init":[
         null
      ],
      "loaded":[

      ],
      "flushChanges":[

      ],
      "close":[

      ],
      "changes":[

      ],
      "warning":[

      ]
   },
   "ENV":"NODEJS"
}