{
    "swagger": "2.0",
    "info": {
        "title": "Todo API Service",
        "description": "Documentation for Todo events",
        "version": "1.0"
    },
    "produces": [
        "application/json"
    ],
    "paths": {
        "/todo/{user}": {
            "post": {
                "x-swagger-router-controller": "todoCreate",
                "operationId": "todoCreate",
                "tags": [
                    "Create Todo"
                ],
                "description": "Create Todo",
                "parameters": [
                    {
                        "name": "title",
                        "in": "formData",
                        "required": true,
                        "type": "string"
                    },
                    {
                        "name": "completed",
                        "in": "formData",
                        "required": true,
                        "type": "string"
                    },
                    {
                        "name": "targetDate",
                        "in": "formData",
                        "required": true,
                        "type": "string",
                        "description": "mm/dd/yyyy format"
                    },
                    {
                        "name": "user",
                        "in": "path",
                        "required": true,
                        "type": "string"
                    }
                ],
                "responses": {}
            }
        },
        "/todo/{user}/{id}": {
            "patch": {
                "x-swagger-router-todoEdit": "todoEdit",
                "operationId": "todoEdit",
                "tags": [
                    "Edit Todo"
                ],
                "description": "Edit Todo",
                "parameters": [
                    {
                        "name": "id",
                        "in": "path",
                        "required": true,
                        "type": "number"
                    },
                    {
                        "name": "user",
                        "in": "path",
                        "required": true,
                        "type": "string"
                    },
                    {
                        "name": "title",
                        "in": "formData",
                        "type": "string"
                    },
                    {
                        "name": "completed",
                        "in": "formData",
                        "type": "string"
                    },
                    {
                        "name": "targetDate",
                        "in": "formData",
                        "type": "string",
                        "description": "mm/dd/yyyy format"
                    }
                ],
                "responses": {}
            },
            "delete": {
                "x-swagger-router-controller": "todoDelete",
                "operationId": "todoDelete",
                "tags": [
                    "Delete Todo"
                ],
                "description": "Delete Todo",
                "parameters": [
                    {
                        "name": "user",
                        "in": "path",
                        "required": true,
                        "type": "string"
                    },
                    {
                        "name": "id",
                        "in": "path",
                        "required": true,
                        "type": "number"
                    }
                ],
                "responses": {}
            }
        },
        "/todos/{user}/completeall": {
            "post": {
                "x-swagger-router-controller": "todoCompleteAll",
                "operationId": "todoCompleteAll",
                "tags": [
                    "Complete all Todos"
                ],
                "description": "Complete all Todos",
                "parameters": [
                    {
                        "name": "user",
                        "in": "path",
                        "required": true,
                        "type": "string"
                    }
                ],
                "responses": {}
            }
        },
        "/todos/{user}/clearcompleted": {
            "delete": {
                "x-swagger-router-controller": "todoClearCompleted",
                "operationId": "todoClearCompleted",
                "tags": [
                    "Clear completed Todos"
                ],
                "description": "Clear completed Todos",
                "parameters": [
                    {
                        "name": "user",
                        "in": "path",
                        "required": true,
                        "type": "string"
                    }
                ],
                "responses": {}
            }
        },
        "/todos/{user}/filters?param=${param}&type=${type}": {
            "get": {
                "x-swagger-router-controller": "todoGetBy",
                "operationId": "todoGetBy",
                "tags": [
                    "Get todos by filter"
                ],
                "description": "Get todos by filter TYPE['status','active','date','month', 'default by userid'] & PARAM for type provided",
                "parameters": [
                        {
                        "name": "user",
                        "in": "path",
                        "required": true,
                        "type": "string"
                    },
                    {
                        "name": "type",
                        "in": "query",
                        "required": true,
                        "type": "string"
                    },
                    {
                        "name": "param",
                        "in": "query",
                        "type": "string"
                    }
                ],
                "responses": {}
            }
        }
    }
}
